Human eRNA,Mouse eRNA,Tissue,p-value
ENSR00000033603,chr10:111096592-111102592,Liver,2.1291362043909867e-06
ENSR00000033603,chr10:111096592-111102592,Lung,7.893329796924914e-07
ENSR00000108860,chr10:121518046-121524046,Lung,0.029760355011863575
ENSR00000108859,chr10:121518046-121524046,Lung,0.043822709701676524
ENSR00000241271,chr10:121518046-121524046,Lung,0.44342813065770503
ENSR00000241270,chr10:121518046-121524046,Lung,0.45919685531175214
ENSR00000315776,chr10:127315216-127321216,Kidney,0.2507224698806175
ENSR00000315776,chr10:127315216-127321216,Liver,0.04163239804636344
ENSR00000105961,chr10:127315216-127321216,Lung,0.03729028955325992
ENSR00000072292,chr10:128050142-128056142,Kidney,0.6892627815328307
ENSR00000072292,chr10:128050142-128056142,Liver,0.18770635946773206
ENSR00000072292,chr10:128050142-128056142,Lung,0.1523642314001649
ENSR00000072291,chr10:128050142-128056142,Lung,0.20186493602668354
ENSR00000072290,chr10:128050142-128056142,Lung,0.2323952952086643
ENSR00000232289,chr10:128050142-128056142,Kidney,0.23030747704617605
ENSR00000232289,chr10:128050142-128056142,Liver,0.13670657367199712
ENSR00000232289,chr10:128050142-128056142,Lung,0.3115910637904975
ENSR00000232289,chr10:128050142-128056142,Skin_no_sun,0.09031943061077943
ENSR00000013672,chr10:19182794-19188794,Liver,0.024871705447184044
ENSR00000238148,chr10:22522387-22528387,Kidney,0.5976843529807692
ENSR00000032740,chr10:22522387-22528387,Liver,0.19429296993406453
ENSR00000288742,chr10:22522387-22528387,Kidney,0.3360842129899999
ENSR00000261629,chr10:22522387-22528387,Kidney,0.7800373812741447
ENSR00000235738,chr10:22522387-22528387,Kidney,0.22621313421866607
ENSR00000186834,chr10:22522387-22528387,Kidney,0.3360842129899999
ENSR00000110536,chr10:22522387-22528387,Kidney,0.9258319768926317
ENSR00000110536,chr10:22522387-22528387,Liver,0.20029636809672335
ENSR00000110430,chr10:22522387-22528387,Kidney,0.36818888714151266
ENSR00000014716,chr10:22522387-22528387,Kidney,0.5554228671768243
ENSR00000325987,chr10:22522387-22528387,Liver,0.3853227885729662
ENSR00000192346,chr10:22522387-22528387,Kidney,0.2509226125059876
ENSR00000192346,chr10:22522387-22528387,Liver,0.18847996814738754
ENSR00000186875,chr10:22522387-22528387,Kidney,0.36818888714151266
ENSR00000143521,chr10:22522387-22528387,Liver,0.2458898238935585
ENSR00000093123,chr10:22522387-22528387,Kidney,0.8280444975500119
ENSR00000089540,chr10:22522387-22528387,Kidney,0.3058394430355582
ENSR00000343060,chr10:25973953-25979953,Kidney,0.18210833185548658
ENSR00000343059,chr10:25973953-25979953,Kidney,0.18210833185548658
ENSR00000343059,chr10:25973953-25979953,Liver,0.9383376608028746
ENSR00000252070,chr10:26104856-26110856,Skin_no_sun,3.85748999494002e-10
ENSR00000007310,chr10:26104856-26110856,Liver,7.249945628722231e-10
ENSR00000073564,chr10:4227742-4233742,Kidney,0.03761621200240075
ENSR00000073564,chr10:4227742-4233742,Liver,0.024871853746925427
ENSR00000334265,chr10:61821082-61827082,Lung,0.6042973344007403
ENSR00000220199,chr10:67576998-67582998,Kidney,0.4754183846436021
ENSR00000220199,chr10:67576998-67582998,Liver,0.024871705447184044
ENSR00000235695,chr10:68326133-68332133,Kidney,0.1975984037492664
ENSR00000235695,chr10:68326133-68332133,Liver,0.1127953808798729
ENSR00000125186,chr10:71288752-71294752,Lung,0.0002792378179564781
ENSR00000321441,chr10:81685696-81691696,Liver,0.027174077734896187
ENSR00000321380,chr10:84499120-84505120,Kidney,0.03761621200240075
ENSR00000205038,chr10:89548836-89554836,Kidney,0.1975984037492664
ENSR00000205038,chr10:89548836-89554836,Liver,0.1303903744370308
ENSR00000205038,chr10:89548836-89554836,Lung,0.10081792307112347
ENSR00000205038,chr10:89548836-89554836,Skin_no_sun,0.09031943061077943
ENSR00000118384,chr10:93092440-93098440,Lung,0.005486380404769195
ENSR00000243302,chr10:95798492-95804492,Kidney,0.8242032876559791
ENSR00000243302,chr10:95798492-95804492,Lung,0.11269290618813922
ENSR00000243302,chr10:95798492-95804492,Skin_no_sun,0.0903195276854958
ENSR00000243301,chr10:95798492-95804492,Kidney,0.8939677979511026
ENSR00000243301,chr10:95798492-95804492,Lung,0.11269288652180749
ENSR00000243301,chr10:95798492-95804492,Skin_no_sun,0.0903195276854958
ENSR00000164648,chr10:95798492-95804492,Lung,0.12791094706982997
ENSR00000164648,chr10:95798492-95804492,Skin_no_sun,0.09031943061077943
ENSR00000309796,chr1:110334857-110340857,Liver,0.5100901378183386
ENSR00000309795,chr1:110334857-110340857,Liver,0.7144033394995695
ENSR00000048707,chr11:116829967-116835967,Kidney,0.6866610015346972
ENSR00000048707,chr11:116829967-116835967,Liver,0.06712886548496658
ENSR00000164367,chr11:120310990-120316990,Kidney,0.08412537208467637
ENSR00000164367,chr11:120310990-120316990,Liver,0.166104413203624
ENSR00000110872,chr11:120797405-120803405,Kidney,3.3624593737007918e-06
ENSR00000110872,chr11:120797405-120803405,Liver,8.495917706404467e-07
ENSR00000110872,chr11:120797405-120803405,Lung,2.2925953650514864e-06
ENSR00000287104,chr11:20449291-20455291,Lung,0.2583082719306202
ENSR00000146843,chr11:20449291-20455291,Liver,0.6429861203031342
ENSR00000146843,chr11:20449291-20455291,Lung,0.13972626072534752
ENSR00000192215,chr11:20449291-20455291,Lung,0.1954966578338605
ENSR00000192215,chr11:20449291-20455291,Skin_no_sun,0.30347426380168974
ENSR00000106049,chr11:20449291-20455291,Skin_no_sun,0.3812373243102811
ENSR00000042116,chr11:20449291-20455291,Lung,0.18622281428740728
ENSR00000239597,chr11:20449291-20455291,Liver,0.4349917056577093
ENSR00000278946,chr11:22496460-22502460,Kidney,0.563554880832384
ENSR00000278946,chr11:22496460-22502460,Liver,0.11843961911421502
ENSR00000278946,chr11:22496460-22502460,Skin_no_sun,0.5694697325904139
ENSR00000317473,chr11:22503723-22509723,Skin_no_sun,0.20493390449896287
ENSR00000080997,chr11:31764824-31770824,Lung,0.22455352516361404
ENSR00000039712,chr11:31764824-31770824,Kidney,1.0
ENSR00000039712,chr11:31764824-31770824,Liver,0.0015947283931596716
ENSR00000039712,chr11:31764824-31770824,Lung,0.5354284801075382
ENSR00000023801,chr11:32442976-32448976,Liver,0.1303903744370308
ENSR00000141439,chr11:32442976-32448976,Kidney,0.6892627815328307
ENSR00000087174,chr11:32442976-32448976,Kidney,0.3068502299541953
ENSR00000087174,chr11:32442976-32448976,Liver,0.1127953808798729
ENSR00000094164,chr11:37938809-37944809,Skin_no_sun,0.09277615186695015
ENSR00000094163,chr11:37938809-37944809,Skin_no_sun,0.09277600420302401
ENSR00000094162,chr11:37938809-37944809,Skin_no_sun,0.09528563277955479
ENSR00000275004,chr1:139563277-139569277,Liver,0.5531011464829403
ENSR00000335641,chr1:139563277-139569277,Liver,0.979427220711112
ENSR00000335545,chr1:139563277-139569277,Liver,0.053118719819534886
ENSR00000335539,chr1:139563277-139569277,Liver,0.11573047104391584
ENSR00000335538,chr1:139563277-139569277,Liver,0.8031522471222425
ENSR00000335197,chr1:139563277-139569277,Liver,0.0646022001309078
ENSR00000296068,chr11:48878847-48884847,Skin_no_sun,0.8529545355440756
ENSR00000103344,chr11:48878847-48884847,Lung,0.9563800880096927
ENSR00000103344,chr11:48878847-48884847,Skin_no_sun,0.8529545574565957
ENSR00000243861,chr11:4950754-4956754,Kidney,0.14261078461610688
ENSR00000243861,chr11:4950754-4956754,Skin_no_sun,0.09031947914813807
ENSR00000243860,chr11:4950754-4956754,Kidney,0.14261078461610688
ENSR00000243860,chr11:4950754-4956754,Skin_no_sun,0.0903195276854958
ENSR00000195929,chr11:4950754-4956754,Skin_no_sun,0.09031943061077943
ENSR00000179048,chr11:4950754-4956754,Liver,0.12430259469078904
ENSR00000005014,chr11:4950754-4956754,Skin_no_sun,0.09277585653908621
ENSR00000341582,chr11:4950754-4956754,Skin_no_sun,0.0903195276854958
ENSR00000327651,chr11:4950754-4956754,Kidney,0.23009507823488873
ENSR00000318780,chr11:4950754-4956754,Kidney,0.14261078461610688
ENSR00000318780,chr11:4950754-4956754,Liver,0.1127953808798729
ENSR00000318780,chr11:4950754-4956754,Skin_no_sun,0.0903195276854958
ENSR00000227915,chr11:4950754-4956754,Skin_no_sun,0.0903195276854958
ENSR00000216250,chr11:4950754-4956754,Kidney,0.14261078461610688
ENSR00000215532,chr11:4950754-4956754,Skin_no_sun,0.09277595498171272
ENSR00000195227,chr11:4950754-4956754,Kidney,0.14261078461610688
ENSR00000195227,chr11:4950754-4956754,Liver,0.13038433156930146
ENSR00000195227,chr11:4950754-4956754,Skin_no_sun,0.0903195276854958
ENSR00000191293,chr11:4950754-4956754,Kidney,0.14261078461610688
ENSR00000191293,chr11:4950754-4956754,Liver,0.11279500380243504
ENSR00000191293,chr11:4950754-4956754,Skin_no_sun,0.09031947914813807
ENSR00000031053,chr11:4950754-4956754,Skin_no_sun,0.09031947914813807
ENSR00000031052,chr11:4950754-4956754,Skin_no_sun,0.09031943061077943
ENSR00000029970,chr11:4950754-4956754,Liver,0.11279462672480547
ENSR00000029970,chr11:4950754-4956754,Skin_no_sun,0.09031947914813807
ENSR00000002248,chr11:4950754-4956754,Skin_no_sun,0.09785005563154271
ENSR00000097730,chr11:4950754-4956754,Kidney,0.1975984037492664
ENSR00000058986,chr11:4950754-4956754,Liver,0.12430298909663352
ENSR00000313719,chr11:4950754-4956754,Kidney,0.14261078461610688
ENSR00000313719,chr11:4950754-4956754,Liver,0.1127953808798729
ENSR00000313719,chr11:4950754-4956754,Skin_no_sun,0.09031947914813807
ENSR00000206376,chr11:4950754-4956754,Liver,0.1127953808798729
ENSR00000206376,chr11:4950754-4956754,Skin_no_sun,0.09031943061077943
ENSR00000198010,chr11:4950754-4956754,Skin_no_sun,0.12662501899412285
ENSR00000198009,chr11:4950754-4956754,Liver,0.11843383199730545
ENSR00000198009,chr11:4950754-4956754,Skin_no_sun,0.12039625304987207
ENSR00000194777,chr11:4950754-4956754,Skin_no_sun,0.09785005563154271
ENSR00000036645,chr11:4950754-4956754,Kidney,0.16842543569072155
ENSR00000036645,chr11:4950754-4956754,Skin_no_sun,0.0903195276854958
ENSR00000036644,chr11:4950754-4956754,Skin_no_sun,0.09031947914813807
ENSR00000018661,chr11:4950754-4956754,Kidney,0.14261078461610688
ENSR00000018661,chr11:4950754-4956754,Liver,0.11279500380243504
ENSR00000018661,chr11:4950754-4956754,Skin_no_sun,0.09031938207341976
ENSR00000251120,chr11:4950754-4956754,Kidney,0.14261078461610688
ENSR00000251120,chr11:4950754-4956754,Skin_no_sun,0.09031943061077943
ENSR00000251119,chr11:4950754-4956754,Kidney,0.14261078461610688
ENSR00000251119,chr11:4950754-4956754,Liver,0.1127953808798729
ENSR00000251119,chr11:4950754-4956754,Skin_no_sun,0.09031947914813807
ENSR00000232751,chr11:4950754-4956754,Liver,0.11279500380243504
ENSR00000201107,chr11:4950754-4956754,Skin_no_sun,0.09031943061077943
ENSR00000151175,chr11:4950754-4956754,Kidney,0.14261078461610688
ENSR00000151175,chr11:4950754-4956754,Liver,0.1127953808798729
ENSR00000151175,chr11:4950754-4956754,Skin_no_sun,0.09031947914813807
ENSR00000084103,chr11:4950754-4956754,Skin_no_sun,0.09031938207341976
ENSR00000042045,chr11:4950754-4956754,Kidney,0.14261078461610688
ENSR00000042045,chr11:4950754-4956754,Liver,0.11843383199730545
ENSR00000042045,chr11:4950754-4956754,Skin_no_sun,0.0903195276854958
ENSR00000019028,chr11:4950754-4956754,Skin_no_sun,0.10046855259735331
ENSR00000004535,chr11:4950754-4956754,Kidney,0.14261078461610688
ENSR00000004535,chr11:4950754-4956754,Skin_no_sun,0.09031947914813807
ENSR00000328660,chr11:4950754-4956754,Kidney,0.14261078461610688
ENSR00000326787,chr11:4950754-4956754,Kidney,0.14261078461610688
ENSR00000326787,chr11:4950754-4956754,Liver,0.1127953808798729
ENSR00000326787,chr11:4950754-4956754,Skin_no_sun,0.09277615186695015
ENSR00000323975,chr11:4950754-4956754,Liver,0.1127953808798729
ENSR00000297555,chr11:4950754-4956754,Kidney,0.16842543569072155
ENSR00000297555,chr11:4950754-4956754,Skin_no_sun,0.09277600420302401
ENSR00000289078,chr11:4950754-4956754,Kidney,0.1975984037492664
ENSR00000288337,chr11:4950754-4956754,Skin_no_sun,0.10046855259735331
ENSR00000288336,chr11:4950754-4956754,Skin_no_sun,0.10046896270349825
ENSR00000278945,chr11:4950754-4956754,Skin_no_sun,0.0903195276854958
ENSR00000289704,chr1:150473591-150479591,Kidney,0.1973941553767351
ENSR00000112719,chr1:150473591-150479591,Kidney,0.1973941553767351
ENSR00000237992,chr1:151330032-151336032,Kidney,0.5647365654321679
ENSR00000237992,chr1:151330032-151336032,Liver,0.06900359706869329
ENSR00000164117,chr1:152923222-152929222,Kidney,0.23030747704617605
ENSR00000164117,chr1:152923222-152929222,Liver,0.11843923330801173
ENSR00000136700,chr11:5487769-5493769,Skin_no_sun,0.2526000110941362
ENSR00000150534,chr11:5487769-5493769,Lung,0.32934970738440017
ENSR00000251506,chr1:166044918-166050918,Kidney,0.002206408915275137
ENSR00000005578,chr1:166044918-166050918,Kidney,0.002206408915275137
ENSR00000005577,chr1:166044918-166050918,Kidney,0.002206408915275137
ENSR00000323724,chr1:170289692-170295692,Lung,0.18161075654732495
ENSR00000205296,chr1:170289692-170295692,Lung,0.10682385489902493
ENSR00000250599,chr1:171475362-171481362,Kidney,0.8776825920499501
ENSR00000250599,chr1:171475362-171481362,Lung,0.0031909106464126404
ENSR00000250599,chr1:171475362-171481362,Skin_no_sun,0.33554877986261
ENSR00000002512,chr1:171475362-171481362,Lung,0.20670371196865944
ENSR00000002512,chr1:171475362-171481362,Skin_no_sun,0.5106090929406955
ENSR00000284252,chr11:75269326-75275326,Liver,0.11955996084182482
ENSR00000284251,chr11:75269326-75275326,Liver,0.11160422823319387
ENSR00000325636,chr11:79715958-79721958,Lung,0.12356258508442881
ENSR00000320425,chr11:86568607-86574607,Kidney,0.598030503133242
ENSR00000320425,chr11:86568607-86574607,Liver,0.7576000089307509
ENSR00000320425,chr11:86568607-86574607,Lung,0.1480343305185328
ENSR00000320425,chr11:86568607-86574607,Skin_no_sun,0.013625827894193284
ENSR00000320424,chr11:86568607-86574607,Lung,0.3023044641169953
ENSR00000320424,chr11:86568607-86574607,Skin_no_sun,0.991199737976001
ENSR00000085877,chr11:86568607-86574607,Liver,0.5475413063801868
ENSR00000028979,chr11:86568607-86574607,Lung,0.28706396757994923
ENSR00000028979,chr11:86568607-86574607,Skin_no_sun,0.7883993156700514
ENSR00000020649,chr11:86568607-86574607,Kidney,0.5429567477332435
ENSR00000020649,chr11:86568607-86574607,Liver,0.128654315278029
ENSR00000020649,chr11:86568607-86574607,Lung,0.9090180011620852
ENSR00000020649,chr11:86568607-86574607,Skin_no_sun,0.8570332335067967
ENSR00000168719,chr11:94158936-94164936,Kidney,0.0027036318064765598
ENSR00000168719,chr11:94158936-94164936,Lung,0.07204788824774985
ENSR00000145195,chr12:108733658-108739658,Lung,0.5781540075240134
ENSR00000145195,chr12:108733658-108739658,Skin_no_sun,0.9439507873873361
ENSR00000203317,chr12:111696306-111702306,Liver,0.007868616404191212
ENSR00000141762,chr12:111696306-111702306,Liver,0.006379801621031093
ENSR00000141762,chr12:111696306-111702306,Lung,0.027013401509316148
ENSR00000141762,chr12:111696306-111702306,Skin_no_sun,0.24982807070036828
ENSR00000328145,chr12:119296673-119302673,Kidney,0.4672155071481465
ENSR00000217500,chr12:119296673-119302673,Kidney,0.4672155071481465
ENSR00000309925,chr12:12705708-12711708,Kidney,0.037607248797634725
ENSR00000309925,chr12:12705708-12711708,Liver,0.024871705447184044
ENSR00000293567,chr12:18402369-18408369,Skin_no_sun,0.49006809941826546
ENSR00000123130,chr12:18402369-18408369,Skin_no_sun,0.47320996610354416
ENSR00000011568,chr12:20950194-20956194,Skin_no_sun,0.01660248474258453
ENSR00000219118,chr12:24701028-24707028,Kidney,0.35074851686120423
ENSR00000247823,chr12:32116457-32122457,Kidney,0.05059579021434276
ENSR00000247823,chr12:32116457-32122457,Liver,0.03233513354336445
ENSR00000247823,chr12:32116457-32122457,Skin_no_sun,0.0903195276854958
ENSR00000104374,chr12:69101628-69107628,Liver,0.08768573651568844
ENSR00000136748,chr12:73396858-73402858,Lung,0.0989394282166723
ENSR00000282517,chr12:79898560-79904560,Kidney,0.0038175988916391724
ENSR00000282517,chr12:79898560-79904560,Liver,0.0010458224424757187
ENSR00000282517,chr12:79898560-79904560,Lung,0.5718988528377712
ENSR00000262375,chr12:79898560-79904560,Kidney,0.0038175988916391724
ENSR00000262375,chr12:79898560-79904560,Lung,0.7079817551243558
ENSR00000238530,chr12:79898560-79904560,Liver,0.0010458224424757187
ENSR00000238530,chr12:79898560-79904560,Lung,0.8080815459341972
ENSR00000152399,chr12:79898560-79904560,Kidney,0.0038175988916391724
ENSR00000152399,chr12:79898560-79904560,Lung,0.0047762996383598445
ENSR00000146753,chr12:79898560-79904560,Lung,0.0065812787492866434
ENSR00000146752,chr12:79898560-79904560,Lung,0.0247592866619529
ENSR00000101313,chr12:79898560-79904560,Liver,0.0010458224424757187
ENSR00000091521,chr12:79898560-79904560,Kidney,0.0038175988916391724
ENSR00000091521,chr12:79898560-79904560,Liver,0.0010458224424757187
ENSR00000091521,chr12:79898560-79904560,Lung,0.43351685143340357
ENSR00000053853,chr12:79898560-79904560,Lung,0.5354290466767235
ENSR00000001826,chr12:79898560-79904560,Kidney,0.00649361322252528
ENSR00000001825,chr12:79898560-79904560,Kidney,0.00649361322252528
ENSR00000105902,chr12:85424888-85430888,Liver,0.024871853746925427
ENSR00000068194,chr12:87389454-87395454,Lung,0.7985290113359506
ENSR00000047018,chr12:87418780-87424780,Skin_no_sun,0.0005785967766644245
ENSR00000329974,chr12:87418780-87424780,Skin_no_sun,0.00013685795579554343
ENSR00000327396,chr12:87418780-87424780,Skin_no_sun,7.220010460307295e-05
ENSR00000323974,chr12:87418780-87424780,Kidney,0.0005171428988631023
ENSR00000323974,chr12:87418780-87424780,Liver,0.0025258999438585094
ENSR00000323974,chr12:87418780-87424780,Lung,0.7267818029226278
ENSR00000323974,chr12:87418780-87424780,Skin_no_sun,0.00234025530743516
ENSR00000206271,chr12:87418780-87424780,Kidney,0.00023604787778528757
ENSR00000206271,chr12:87418780-87424780,Liver,0.000482763298982473
ENSR00000206271,chr12:87418780-87424780,Lung,0.5753671373902729
ENSR00000206271,chr12:87418780-87424780,Skin_no_sun,0.000578600977521094
ENSR00000029796,chr12:87418780-87424780,Kidney,0.001089776494671201
ENSR00000029796,chr12:87418780-87424780,Liver,0.0009199819976807623
ENSR00000029796,chr12:87418780-87424780,Lung,0.02900992891379589
ENSR00000029796,chr12:87418780-87424780,Skin_no_sun,0.0029199406735114742
ENSR00000029795,chr12:87418780-87424780,Kidney,0.0005178503368494295
ENSR00000029795,chr12:87418780-87424780,Liver,0.0007444610839359786
ENSR00000029795,chr12:87418780-87424780,Lung,0.009391505000778625
ENSR00000029794,chr12:87418780-87424780,Liver,0.00019519475493199036
ENSR00000029794,chr12:87418780-87424780,Lung,0.0016005485800116672
ENSR00000245011,chr12:87418780-87424780,Kidney,0.00010370538189166721
ENSR00000245011,chr12:87418780-87424780,Liver,4.551475040267851e-05
ENSR00000218968,chr12:87418780-87424780,Kidney,0.0005178503368494295
ENSR00000218968,chr12:87418780-87424780,Liver,0.00019523832160480114
ENSR00000218968,chr12:87418780-87424780,Lung,0.1572805410566551
ENSR00000297238,chr12:99170375-99176375,Kidney,0.14261078461610688
ENSR00000297238,chr12:99170375-99176375,Lung,0.11269294552080106
ENSR00000134110,chr12:99170375-99176375,Kidney,0.14261078461610688
ENSR00000134110,chr12:99170375-99176375,Lung,0.12120394518166588
ENSR00000310932,chr12:99170375-99176375,Kidney,0.14261078461610688
ENSR00000310932,chr12:99170375-99176375,Lung,0.10081797894885121
ENSR00000232364,chr12:99451912-99457912,Lung,0.25855835676522776
ENSR00000000309,chr12:99451912-99457912,Lung,0.021005319470041202
ENSR00000158663,chr13:103988016-103994016,Kidney,0.0877378695607157
ENSR00000158662,chr13:103988016-103994016,Kidney,0.03761621200240075
ENSR00000027936,chr13:103988016-103994016,Kidney,0.03761621200240075
ENSR00000027936,chr13:103988016-103994016,Liver,0.024871557147751994
ENSR00000233096,chr13:119979153-119985153,Liver,0.0015946264527594237
ENSR00000190283,chr13:12673952-12679952,Liver,0.3534185837311379
ENSR00000126599,chr13:12673952-12679952,Lung,0.19236836946251545
ENSR00000126598,chr13:12673952-12679952,Lung,0.225342464410753
ENSR00000270638,chr13:12673952-12679952,Liver,0.28307701427241294
ENSR00000270638,chr13:12673952-12679952,Lung,0.9709119598735773
ENSR00000270638,chr13:12673952-12679952,Skin_no_sun,0.8130594933698383
ENSR00000325436,chr13:12673952-12679952,Kidney,0.3985196229513719
ENSR00000325436,chr13:12673952-12679952,Liver,0.08768540433238092
ENSR00000325436,chr13:12673952-12679952,Lung,0.10081796032294223
ENSR00000325436,chr13:12673952-12679952,Skin_no_sun,0.0978502073854295
ENSR00000011475,chr13:12673952-12679952,Skin_no_sun,0.943950778952561
ENSR00000011474,chr13:12673952-12679952,Skin_no_sun,0.9847021923720597
ENSR00000195127,chr13:21910257-21916257,Kidney,0.00010444787930554225
ENSR00000276203,chr13:24764916-24770916,Kidney,0.010676800419887778
ENSR00000283432,chr13:3374332-3380332,Kidney,0.16842543569072155
ENSR00000283432,chr13:3374332-3380332,Liver,0.1127953808798729
ENSR00000283432,chr13:3374332-3380332,Lung,0.3338898906385557
ENSR00000327131,chr13:41543186-41549186,Lung,0.09737983705228777
ENSR00000065606,chr13:43502925-43508925,Lung,0.10861781756902797
ENSR00000137004,chr13:43987558-43993558,Liver,0.00012171375632598594
ENSR00000146157,chr13:48981756-48987756,Kidney,0.16842543569072155
ENSR00000254910,chr13:48981756-48987756,Kidney,0.14261078461610688
ENSR00000254910,chr13:48981756-48987756,Liver,0.1127953808798729
ENSR00000014617,chr13:48981756-48987756,Kidney,0.14261078461610688
ENSR00000014617,chr13:48981756-48987756,Liver,0.1127953808798729
ENSR00000098295,chr13:64620965-64626965,Kidney,0.16842543569072155
ENSR00000098295,chr13:64620965-64626965,Lung,0.0865599576704012
ENSR00000132817,chr13:83929829-83935829,Kidney,0.011458945739598807
ENSR00000132817,chr13:83929829-83935829,Skin_no_sun,0.003387119666251118
ENSR00000264477,chr13:87624836-87630836,Skin_no_sun,0.8461936216637809
ENSR00000040918,chr13:87624836-87630836,Skin_no_sun,0.8461936216637809
ENSR00000286569,chr13:87624836-87630836,Lung,0.33388814635978215
ENSR00000200591,chr13:87624836-87630836,Lung,0.08655994045662153
ENSR00000200591,chr13:87624836-87630836,Skin_no_sun,0.9676148613299529
ENSR00000106029,chr13:9058474-9064474,Liver,0.4417024923850996
ENSR00000278948,chr13:93524047-93530047,Kidney,0.16842543569072155
ENSR00000278948,chr13:93524047-93530047,Liver,0.11279500380243504
ENSR00000033795,chr13:93524047-93530047,Liver,0.13666504734255733
ENSR00000033794,chr13:93524047-93530047,Liver,0.1184334461876934
ENSR00000239037,chr14:11488143-11494143,Liver,0.1127953808798729
ENSR00000239036,chr14:11488143-11494143,Liver,0.1127953808798729
ENSR00000208173,chr14:25296886-25302886,Liver,0.020233505611081597
ENSR00000085267,chr14:25296886-25302886,Skin_no_sun,0.04190051695005391
ENSR00000326192,chr14:25296886-25302886,Skin_no_sun,0.3411761655268539
ENSR00000288296,chr14:25296886-25302886,Skin_no_sun,0.024960216778383868
ENSR00000272039,chr14:25296886-25302886,Kidney,0.28175146145162266
ENSR00000272039,chr14:25296886-25302886,Liver,0.011348854302977617
ENSR00000272039,chr14:25296886-25302886,Skin_no_sun,0.040116147112183864
ENSR00000219899,chr14:25296886-25302886,Kidney,0.821752440936979
ENSR00000219899,chr14:25296886-25302886,Liver,0.018777072504093276
ENSR00000212501,chr14:25296886-25302886,Skin_no_sun,0.403968625206649
ENSR00000180038,chr14:25296886-25302886,Kidney,0.5312785719644632
ENSR00000177389,chr14:25296886-25302886,Kidney,0.08412537208467637
ENSR00000177389,chr14:25296886-25302886,Liver,0.007868616404191212
ENSR00000177389,chr14:25296886-25302886,Skin_no_sun,0.08566359269164688
ENSR00000177388,chr14:25296886-25302886,Kidney,0.01991140769437665
ENSR00000177388,chr14:25296886-25302886,Liver,0.006379801621031093
ENSR00000177388,chr14:25296886-25302886,Skin_no_sun,0.026763432447306005
ENSR00000164785,chr14:25296886-25302886,Kidney,0.04797841957843843
ENSR00000114656,chr14:25296886-25302886,Skin_no_sun,0.020656999753532253
ENSR00000109258,chr14:25296886-25302886,Skin_no_sun,0.024382977444401308
ENSR00000106615,chr14:25296886-25302886,Liver,0.013293099943665758
ENSR00000106615,chr14:25296886-25302886,Skin_no_sun,0.01968810938356776
ENSR00000101398,chr14:25296886-25302886,Skin_no_sun,0.02867805315798611
ENSR00000101397,chr14:25296886-25302886,Skin_no_sun,0.026763455114565175
ENSR00000101396,chr14:25296886-25302886,Skin_no_sun,0.02738903620041728
ENSR00000094285,chr14:25296886-25302886,Skin_no_sun,0.025549295463236695
ENSR00000089324,chr14:25296886-25302886,Skin_no_sun,0.02218834008874896
ENSR00000041055,chr14:25296886-25302886,Liver,0.007868616404191212
ENSR00000041055,chr14:25296886-25302886,Skin_no_sun,0.020167459198663935
ENSR00000021708,chr14:25296886-25302886,Kidney,0.07551883955039979
ENSR00000021708,chr14:25296886-25302886,Liver,0.006114410065380599
ENSR00000021708,chr14:25296886-25302886,Skin_no_sun,0.017437488627599865
ENSR00000006295,chr14:25296886-25302886,Skin_no_sun,0.045671388270923576
ENSR00000001781,chr14:25296886-25302886,Kidney,0.40876485691441267
ENSR00000001780,chr14:25296886-25302886,Kidney,0.28175146145162266
ENSR00000040883,chr14:25296886-25302886,Kidney,0.860901432244418
ENSR00000040882,chr14:25296886-25302886,Kidney,0.7072625765229896
ENSR00000040882,chr14:25296886-25302886,Skin_no_sun,0.09780815344449467
ENSR00000324219,chr14:25296886-25302886,Skin_no_sun,0.021667282073427843
ENSR00000324218,chr14:25296886-25302886,Skin_no_sun,0.0211569265945978
ENSR00000277052,chr14:25296886-25302886,Liver,0.01047497884805561
ENSR00000181720,chr14:25296886-25302886,Skin_no_sun,0.1985598872249933
ENSR00000083288,chr14:25296886-25302886,Kidney,0.025888284008832984
ENSR00000083288,chr14:25296886-25302886,Liver,0.007239291892971611
ENSR00000083288,chr14:25296886-25302886,Skin_no_sun,0.12397877953474494
ENSR00000081946,chr14:25296886-25302886,Kidney,0.7447657295980272
ENSR00000066688,chr14:25296886-25302886,Skin_no_sun,0.04470271046932377
ENSR00000066114,chr14:25296886-25302886,Skin_no_sun,0.06245026888169287
ENSR00000238787,chr14:25296886-25302886,Liver,0.0066554592651861255
ENSR00000238787,chr14:25296886-25302886,Skin_no_sun,0.040116057998993745
ENSR00000238786,chr14:25296886-25302886,Liver,0.01808295731444364
ENSR00000216273,chr14:25296886-25302886,Kidney,0.05388664715980688
ENSR00000216273,chr14:25296886-25302886,Liver,0.0089045892387137
ENSR00000216273,chr14:25296886-25302886,Skin_no_sun,0.021667301639077607
ENSR00000026329,chr14:25296886-25302886,Liver,0.0243214019066156
ENSR00000026328,chr14:25296886-25302886,Liver,0.023451295557919548
ENSR00000026174,chr14:25296886-25302886,Liver,0.027099326857533256
ENSR00000323997,chr14:30989653-30995653,Kidney,0.6248874865377403
ENSR00000145340,chr14:34616490-34622490,Liver,0.7244769443198735
ENSR00000145340,chr14:34616490-34622490,Lung,0.01894993008653365
ENSR00000285712,chr14:34616490-34622490,Liver,0.49711700315471397
ENSR00000102291,chr14:34616490-34622490,Liver,0.49711700315471397
ENSR00000261844,chr14:55803284-55809284,Kidney,0.6892180517478177
ENSR00000045644,chr14:63082420-63088420,Lung,0.0005412953262034961
ENSR00000221612,chr14:75863852-75869852,Lung,0.6291268859272778
ENSR00000221611,chr14:75863852-75869852,Lung,0.39574606870974016
ENSR00000016272,chr14:76044989-76050989,Kidney,0.23023669422346815
ENSR00000016272,chr14:76044989-76050989,Liver,0.12429707298129436
ENSR00000026816,chr14:89367271-89373271,Skin_no_sun,0.041300825623521685
ENSR00000026815,chr14:89367271-89373271,Skin_no_sun,0.03327622077264019
ENSR00000138440,chr14:99539431-99545431,Liver,0.006114410065380599
ENSR00000138440,chr14:99539431-99545431,Lung,0.14885311852185093
ENSR00000243050,chr15:101085766-101091766,Kidney,0.6199600194444539
ENSR00000243050,chr15:101085766-101091766,Liver,0.02059457782509023
ENSR00000243050,chr15:101085766-101091766,Lung,0.0002039325102083312
ENSR00000130390,chr15:101085766-101091766,Liver,0.017131861338079278
ENSR00000109675,chr15:101085766-101091766,Lung,0.0001659771991316751
ENSR00000164707,chr15:101085766-101091766,Kidney,0.0005178503368494295
ENSR00000164707,chr15:101085766-101091766,Liver,0.00012174977158040328
ENSR00000164707,chr15:101085766-101091766,Lung,5.1908017202214986e-05
ENSR00000141424,chr15:101085766-101091766,Lung,0.00026476211727861833
ENSR00000138508,chr15:36808298-36814298,Lung,0.13253974539920704
ENSR00000076024,chr15:36808298-36814298,Liver,0.1718730619873876
ENSR00000319202,chr15:36808298-36814298,Kidney,0.45007917090787275
ENSR00000319202,chr15:36808298-36814298,Liver,0.1127953808798729
ENSR00000319202,chr15:36808298-36814298,Lung,0.09708895914974369
ENSR00000302109,chr15:36808298-36814298,Kidney,0.11994737918542643
ENSR00000302109,chr15:36808298-36814298,Liver,0.1127953808798729
ENSR00000302109,chr15:36808298-36814298,Lung,0.09708895914974369
ENSR00000285384,chr15:36808298-36814298,Lung,0.12564396099915326
ENSR00000281927,chr15:36808298-36814298,Liver,0.32908914894008556
ENSR00000207607,chr15:36808298-36814298,Kidney,0.11994737918542643
ENSR00000207607,chr15:36808298-36814298,Lung,0.09893944666721069
ENSR00000192284,chr15:36808298-36814298,Kidney,0.45007917090787275
ENSR00000192284,chr15:36808298-36814298,Liver,0.1127953808798729
ENSR00000192284,chr15:36808298-36814298,Lung,0.09708895914974369
ENSR00000166994,chr15:36808298-36814298,Lung,0.11064059485643872
ENSR00000164808,chr15:36808298-36814298,Lung,0.09708892260025888
ENSR00000155674,chr15:36808298-36814298,Lung,0.10272480375073538
ENSR00000146294,chr15:36808298-36814298,Lung,0.10662448710345099
ENSR00000146293,chr15:36808298-36814298,Lung,0.1046601674079609
ENSR00000146292,chr15:36808298-36814298,Kidney,0.11994737918542643
ENSR00000146292,chr15:36808298-36814298,Lung,0.10272478494993151
ENSR00000128276,chr15:36808298-36814298,Lung,0.19866141797017778
ENSR00000100396,chr15:36808298-36814298,Kidney,0.11994737918542643
ENSR00000100396,chr15:36808298-36814298,Lung,0.09708895914974369
ENSR00000100395,chr15:36808298-36814298,Lung,0.10081745742328292
ENSR00000100394,chr15:36808298-36814298,Lung,0.10081797894885121
ENSR00000089410,chr15:36808298-36814298,Liver,0.31719238371591096
ENSR00000089409,chr15:36808298-36814298,Liver,0.3290886420345551
ENSR00000039314,chr15:36808298-36814298,Lung,0.10272476614912726
ENSR00000039313,chr15:36808298-36814298,Lung,0.10662446795449051
ENSR00000025800,chr15:36808298-36814298,Liver,0.11843961911421502
ENSR00000025800,chr15:36808298-36814298,Lung,0.10272482255153903
ENSR00000310953,chr15:52089075-52095075,Skin_no_sun,0.09031778034001238
ENSR00000170627,chr15:52089075-52095075,Skin_no_sun,0.09277437989906785
ENSR00000187000,chr15:55959148-55965148,Kidney,0.025888284008832984
ENSR00000187000,chr15:55959148-55965148,Liver,0.09324571145858773
ENSR00000232284,chr15:6507397-6513397,Liver,0.13670616253713552
ENSR00000232284,chr15:6507397-6513397,Skin_no_sun,0.09031947914813807
ENSR00000310426,chr15:80035774-80041774,Liver,0.01437003246509246
ENSR00000283435,chr15:80574666-80580666,Lung,0.13490317735332077
ENSR00000248195,chr15:81828390-81834390,Lung,0.09229014584918847
ENSR00000027522,chr15:81828390-81834390,Kidney,0.5554785155929691
ENSR00000027522,chr15:81828390-81834390,Liver,0.0024940154509293278
ENSR00000027522,chr15:81828390-81834390,Lung,0.23493516336644238
ENSR00000324647,chr15:81828390-81834390,Lung,0.09737976441669034
ENSR00000315197,chr15:81828390-81834390,Kidney,0.9258215674359708
ENSR00000315197,chr15:81828390-81834390,Lung,0.07095678329285283
ENSR00000181364,chr15:81828390-81834390,Kidney,0.9752421030307338
ENSR00000181364,chr15:81828390-81834390,Lung,0.0709567067581506
ENSR00000287368,chr15:82214384-82220384,Kidney,0.14261078461610688
ENSR00000287368,chr15:82214384-82220384,Lung,0.11477522823904414
ENSR00000287367,chr15:82214384-82220384,Kidney,0.14261078461610688
ENSR00000287367,chr15:82214384-82220384,Lung,0.1086178755353838
ENSR00000326771,chr15:82214384-82220384,Kidney,0.14261078461610688
ENSR00000326771,chr15:82214384-82220384,Liver,0.1127953808798729
ENSR00000326771,chr15:82214384-82220384,Lung,0.09893940976613373
ENSR00000213691,chr15:82214384-82220384,Kidney,0.14261078461610688
ENSR00000213691,chr15:82214384-82220384,Liver,0.1127953808798729
ENSR00000213691,chr15:82214384-82220384,Lung,0.0989394282166723
ENSR00000213690,chr15:82214384-82220384,Kidney,0.14261078461610688
ENSR00000213690,chr15:82214384-82220384,Liver,0.11279500380243504
ENSR00000213690,chr15:82214384-82220384,Lung,0.09893939131559482
ENSR00000213689,chr15:82214384-82220384,Kidney,0.14261078461610688
ENSR00000213689,chr15:82214384-82220384,Liver,0.1127953808798729
ENSR00000213689,chr15:82214384-82220384,Lung,0.09893940976613373
ENSR00000205250,chr15:82214384-82220384,Lung,0.11064055586725241
ENSR00000092011,chr15:82214384-82220384,Kidney,0.14261078461610688
ENSR00000092011,chr15:82214384-82220384,Lung,0.13253966072014778
ENSR00000038769,chr15:85024347-85030347,Lung,0.05969963024893719
ENSR00000038768,chr15:85024347-85030347,Lung,0.045621046805981655
ENSR00000038767,chr15:85024347-85030347,Lung,0.04159912665627122
ENSR00000030780,chr15:99902022-99908022,Lung,0.08049637480285404
ENSR00000030780,chr15:99902022-99908022,Skin_no_sun,0.01743752214051564
ENSR00000137721,chr15:99902022-99908022,Kidney,0.0923076923076923
ENSR00000137721,chr15:99902022-99908022,Lung,0.08982639012766166
ENSR00000137721,chr15:99902022-99908022,Skin_no_sun,0.018309159283043556
ENSR00000137720,chr15:99902022-99908022,Kidney,0.4021368813441989
ENSR00000137720,chr15:99902022-99908022,Lung,0.4191354640676477
ENSR00000253250,chr1:60393770-60399770,Kidney,0.1975984037492664
ENSR00000253250,chr1:60393770-60399770,Liver,0.2722787028150162
ENSR00000253250,chr1:60393770-60399770,Lung,0.18927706105453335
ENSR00000253250,chr1:60393770-60399770,Skin_no_sun,0.1468237106876279
ENSR00000106478,chr1:60393770-60399770,Skin_no_sun,0.77364382388598
ENSR00000106477,chr1:60393770-60399770,Skin_no_sun,0.8529541849424225
ENSR00000012239,chr16:19032801-19038801,Lung,0.031288350011678845
ENSR00000091776,chr16:30249198-30255198,Kidney,0.14261078461610688
ENSR00000091776,chr16:30249198-30255198,Lung,0.09708894087500138
ENSR00000091776,chr16:30249198-30255198,Skin_no_sun,0.09031947914813807
ENSR00000229548,chr16:30869767-30875767,Kidney,0.06540574276797215
ENSR00000229548,chr16:30869767-30875767,Liver,3.1190421504923925e-05
ENSR00000229548,chr16:30869767-30875767,Lung,0.00919904902057974
ENSR00000229548,chr16:30869767-30875767,Skin_no_sun,0.10314349085887264
ENSR00000229547,chr16:30869767-30875767,Kidney,0.038017905447941217
ENSR00000229547,chr16:30869767-30875767,Liver,3.2362633380063315e-05
ENSR00000229547,chr16:30869767-30875767,Lung,0.005817918408836334
ENSR00000229547,chr16:30869767-30875767,Skin_no_sun,0.10046911649326419
ENSR00000229546,chr16:30869767-30875767,Kidney,0.0026749915140941685
ENSR00000229546,chr16:30869767-30875767,Liver,2.3165647297987477e-05
ENSR00000229546,chr16:30869767-30875767,Lung,0.0014117830269114074
ENSR00000229546,chr16:30869767-30875767,Skin_no_sun,0.09528613181816166
ENSR00000166423,chr16:32192372-32198372,Liver,0.03224104564306488
ENSR00000166423,chr16:32192372-32198372,Skin_no_sun,0.1298340706631772
ENSR00000168728,chr16:44033944-44039944,Liver,0.5191256077689779
ENSR00000003013,chr16:8880963-8886963,Skin_no_sun,0.03674018986733735
ENSR00000043191,chr17:16607950-16613950,Lung,0.1954966334028878
ENSR00000003042,chr17:22873718-22879718,Skin_no_sun,0.391642659163121
ENSR00000213713,chr17:27647824-27653824,Skin_no_sun,0.09277590576040018
ENSR00000213712,chr17:27647824-27653824,Skin_no_sun,0.09277600420302401
ENSR00000136023,chr17:3094480-3100480,Kidney,0.14727954971857413
ENSR00000136023,chr17:3094480-3100480,Liver,0.007868616404191212
ENSR00000136022,chr17:3094480-3100480,Kidney,0.033357492153969374
ENSR00000136022,chr17:3094480-3100480,Liver,0.006655514037299406
ENSR00000136022,chr17:3094480-3100480,Skin_no_sun,0.010172107111139302
ENSR00000220322,chr17:46832414-46838414,Skin_no_sun,0.03348468552668747
ENSR00000110166,chr17:46832414-46838414,Skin_no_sun,0.002304436442247109
ENSR00000337633,chr17:46832414-46838414,Liver,0.0015947963557560118
ENSR00000265777,chr17:46832414-46838414,Kidney,0.11781053774352436
ENSR00000265777,chr17:46832414-46838414,Lung,0.139449716042816
ENSR00000248557,chr17:46832414-46838414,Kidney,0.23858857263167021
ENSR00000240832,chr17:46832414-46838414,Liver,0.0015947963557560118
ENSR00000225402,chr17:46832414-46838414,Kidney,0.06232438863567888
ENSR00000225402,chr17:46832414-46838414,Liver,0.00221130200968327
ENSR00000225402,chr17:46832414-46838414,Lung,0.2315609491306595
ENSR00000225402,chr17:46832414-46838414,Skin_no_sun,0.0015996965027562692
ENSR00000181521,chr17:46832414-46838414,Lung,0.00984794743784411
ENSR00000181521,chr17:46832414-46838414,Skin_no_sun,0.00079937646636797
ENSR00000021066,chr17:46832414-46838414,Kidney,0.09053537502771118
ENSR00000021066,chr17:46832414-46838414,Lung,0.15861712678878348
ENSR00000021066,chr17:46832414-46838414,Skin_no_sun,0.004721739392731387
ENSR00000020507,chr17:46832414-46838414,Skin_no_sun,0.05138038566362622
ENSR00000254620,chr17:46876965-46882965,Skin_no_sun,0.09031938207341976
ENSR00000217530,chr17:46876965-46882965,Skin_no_sun,0.09785015680080257
ENSR00000308344,chr1:75684973-75690973,Kidney,0.05059579021434276
ENSR00000296901,chr1:75684973-75690973,Kidney,0.05059579021434276
ENSR00000296901,chr1:75684973-75690973,Liver,0.029658273078967918
ENSR00000257708,chr1:75684973-75690973,Kidney,0.06713456609123508
ENSR00000242014,chr1:75684973-75690973,Kidney,0.08788676146804257
ENSR00000219117,chr1:75684973-75690973,Kidney,0.4754183846436021
ENSR00000164664,chr1:75684973-75690973,Kidney,0.05059579021434276
ENSR00000133149,chr1:75684973-75690973,Kidney,0.05059579021434276
ENSR00000133149,chr1:75684973-75690973,Liver,0.029658273078967918
ENSR00000038731,chr1:75684973-75690973,Kidney,0.03761621200240075
ENSR00000038731,chr1:75684973-75690973,Liver,0.024871705447184044
ENSR00000013526,chr1:75684973-75690973,Kidney,0.03761621200240075
ENSR00000013526,chr1:75684973-75690973,Liver,0.024871705447184044
ENSR00000215512,chr1:75684973-75690973,Kidney,0.05059579021434276
ENSR00000215512,chr1:75684973-75690973,Liver,0.02717423537759075
ENSR00000085066,chr1:75684973-75690973,Kidney,0.05059579021434276
ENSR00000290201,chr1:75684973-75690973,Kidney,0.05059579021434276
ENSR00000290201,chr1:75684973-75690973,Liver,0.02717423537759075
ENSR00000288647,chr1:75684973-75690973,Liver,0.04520741496993229
ENSR00000269805,chr1:75684973-75690973,Kidney,0.05059579021434276
ENSR00000269805,chr1:75684973-75690973,Liver,0.024871853746925427
ENSR00000265834,chr1:75684973-75690973,Liver,0.024871853746925427
ENSR00000251064,chr1:75684973-75690973,Kidney,0.06713456609123508
ENSR00000110075,chr1:75684973-75690973,Liver,0.045207635648864736
ENSR00000056224,chr1:75684973-75690973,Kidney,0.05059579021434276
ENSR00000056224,chr1:75684973-75690973,Liver,0.024871853746925427
ENSR00000056223,chr1:75684973-75690973,Kidney,0.05059579021434276
ENSR00000056223,chr1:75684973-75690973,Liver,0.024871853746925427
ENSR00000004207,chr1:75684973-75690973,Kidney,0.06713456609123508
ENSR00000058288,chr1:75684973-75690973,Kidney,0.8279729916035512
ENSR00000130837,chr17:63530616-63536616,Liver,0.04699780107797788
ENSR00000074452,chr17:73033528-73039528,Liver,0.38810520816089766
ENSR00000074451,chr17:73033528-73039528,Liver,0.38810520816089766
ENSR00000307282,chr17:94718027-94724027,Skin_no_sun,0.9541290145409574
ENSR00000288096,chr18:12952674-12958674,Kidney,0.018846218333497547
ENSR00000288096,chr18:12952674-12958674,Liver,0.0005852252899438082
ENSR00000288096,chr18:12952674-12958674,Skin_no_sun,3.841641820702695e-07
ENSR00000252274,chr18:24536069-24542069,Lung,0.006228905833193662
ENSR00000252274,chr18:24536069-24542069,Skin_no_sun,0.06209604997367996
ENSR00000007881,chr18:24536069-24542069,Lung,0.005812369395731819
ENSR00000007881,chr18:24536069-24542069,Skin_no_sun,0.05292537202930098
ENSR00000007880,chr18:24536069-24542069,Lung,0.04264117863655533
ENSR00000007880,chr18:24536069-24542069,Skin_no_sun,0.6818139487185192
ENSR00000232685,chr18:60714743-60720743,Liver,0.029728599958301977
ENSR00000274608,chr18:65521513-65527513,Liver,3.514716627371259e-05
ENSR00000206114,chr18:66511209-66517209,Lung,0.01894991714146644
ENSR00000192298,chr19:25681016-25687016,Liver,0.1303645910633966
ENSR00000323269,chr19:25681016-25687016,Kidney,0.19753033480848547
ENSR00000323269,chr19:25681016-25687016,Liver,0.1127953808798729
ENSR00000323269,chr19:25681016-25687016,Lung,0.09708894087500138
ENSR00000288182,chr19:25681016-25687016,Kidney,0.14261078461610688
ENSR00000288182,chr19:25681016-25687016,Liver,0.1184334461876934
ENSR00000232753,chr19:25681016-25687016,Kidney,0.16842543569072155
ENSR00000232753,chr19:25681016-25687016,Liver,0.1127953808798729
ENSR00000232753,chr19:25681016-25687016,Lung,0.09893939131559482
ENSR00000232752,chr19:25681016-25687016,Liver,0.1127953808798729
ENSR00000232752,chr19:25681016-25687016,Lung,0.10081792307112347
ENSR00000205816,chr19:25681016-25687016,Kidney,0.26662041735684805
ENSR00000205816,chr19:25681016-25687016,Lung,0.09708895914974369
ENSR00000169178,chr19:25681016-25687016,Liver,0.1127953808798729
ENSR00000160701,chr19:25681016-25687016,Liver,0.1127953808798729
ENSR00000160701,chr19:25681016-25687016,Lung,0.10272478494993151
ENSR00000114527,chr19:25681016-25687016,Lung,0.10081796032294223
ENSR00000088452,chr19:25681016-25687016,Lung,0.10662393178342591
ENSR00000080989,chr19:25681016-25687016,Lung,0.09893939131559482
ENSR00000067642,chr19:25681016-25687016,Liver,0.11843383199730545
ENSR00000051367,chr19:25681016-25687016,Lung,0.09708895914974369
ENSR00000042115,chr19:25681016-25687016,Lung,0.09893935441451615
ENSR00000141766,chr19:25681016-25687016,Liver,0.11843383199730545
ENSR00000141766,chr19:25681016-25687016,Lung,0.09893944666721069
ENSR00000141765,chr19:25681016-25687016,Liver,0.1127953808798729
ENSR00000141765,chr19:25681016-25687016,Lung,0.09708895914974369
ENSR00000141764,chr19:25681016-25687016,Liver,0.1127953808798729
ENSR00000141764,chr19:25681016-25687016,Lung,0.09708892260025888
ENSR00000311900,chr19:25681016-25687016,Kidney,0.1683608003471957
ENSR00000311900,chr19:25681016-25687016,Lung,0.0989394282166723
ENSR00000172846,chr19:25681016-25687016,Kidney,0.1683608003471957
ENSR00000172846,chr19:25681016-25687016,Lung,0.10081792307112347
ENSR00000266194,chr19:25681016-25687016,Liver,0.1127953808798729
ENSR00000224721,chr19:25681016-25687016,Liver,0.11279500380243504
ENSR00000224721,chr19:25681016-25687016,Lung,0.09708895914974369
ENSR00000212883,chr19:25681016-25687016,Kidney,0.19753033480848547
ENSR00000212883,chr19:25681016-25687016,Lung,0.09893944666721069
ENSR00000190280,chr19:25681016-25687016,Liver,0.1956383720671604
ENSR00000190279,chr19:25681016-25687016,Liver,0.1874009936255865
ENSR00000190278,chr19:25681016-25687016,Liver,0.1499565475873651
ENSR00000190277,chr19:25681016-25687016,Liver,0.13666463617352909
ENSR00000170399,chr19:25681016-25687016,Lung,0.09708883122654247
ENSR00000157678,chr19:25681016-25687016,Lung,0.09708894087500138
ENSR00000091918,chr19:25681016-25687016,Kidney,0.14261078461610688
ENSR00000091918,chr19:25681016-25687016,Liver,0.2129681518698533
ENSR00000091917,chr19:25681016-25687016,Kidney,0.14261078461610688
ENSR00000091917,chr19:25681016-25687016,Liver,0.13668026035881503
ENSR00000089785,chr19:25681016-25687016,Liver,0.1127953808798729
ENSR00000088578,chr19:25681016-25687016,Lung,0.10081790444521357
ENSR00000061659,chr19:25681016-25687016,Kidney,0.14261078461610688
ENSR00000061659,chr19:25681016-25687016,Lung,0.097088886050773
ENSR00000061658,chr19:25681016-25687016,Lung,0.10662439135864404
ENSR00000045866,chr19:25681016-25687016,Liver,0.1127953808798729
ENSR00000045865,chr19:25681016-25687016,Kidney,0.26662041735684805
ENSR00000045865,chr19:25681016-25687016,Liver,0.1127953808798729
ENSR00000045211,chr19:25681016-25687016,Lung,0.1497524109783664
ENSR00000041287,chr19:25681016-25687016,Kidney,0.1975984037492664
ENSR00000041287,chr19:25681016-25687016,Liver,0.1127953808798729
ENSR00000041286,chr19:25681016-25687016,Liver,0.1127953808798729
ENSR00000327410,chr19:25681016-25687016,Kidney,0.14261078461610688
ENSR00000327410,chr19:25681016-25687016,Liver,0.1127953808798729
ENSR00000327410,chr19:25681016-25687016,Lung,0.09708894087500138
ENSR00000215523,chr19:25681016-25687016,Kidney,0.14261078461610688
ENSR00000215523,chr19:25681016-25687016,Liver,0.1127953808798729
ENSR00000215523,chr19:25681016-25687016,Lung,0.09708894087500138
ENSR00000215522,chr19:25681016-25687016,Kidney,0.14261078461610688
ENSR00000215522,chr19:25681016-25687016,Liver,0.1127953808798729
ENSR00000215522,chr19:25681016-25687016,Lung,0.09708894087500138
ENSR00000075569,chr19:25681016-25687016,Kidney,0.14261078461610688
ENSR00000075569,chr19:25681016-25687016,Lung,0.10272358169775934
ENSR00000335910,chr19:25681016-25687016,Lung,0.09708892260025888
ENSR00000213970,chr19:3315398-3321398,Lung,0.11187924168211999
ENSR00000213970,chr19:3315398-3321398,Skin_no_sun,0.00022784696739954486
ENSR00000251338,chr19:37425788-37431788,Kidney,0.16842543569072155
ENSR00000005083,chr19:37425788-37431788,Kidney,0.16842543569072155
ENSR00000314349,chr19:38377331-38383331,Kidney,4.028136466800149e-06
ENSR00000314349,chr19:38377331-38383331,Lung,0.00041941050778613475
ENSR00000314349,chr19:38377331-38383331,Skin_no_sun,4.267159172607721e-05
ENSR00000295972,chr19:38377331-38383331,Kidney,0.00011674131484909058
ENSR00000295972,chr19:38377331-38383331,Skin_no_sun,3.806654536303325e-06
ENSR00000179109,chr19:38377331-38383331,Kidney,4.028136466800149e-06
ENSR00000179109,chr19:38377331-38383331,Lung,0.0004912977221700613
ENSR00000179109,chr19:38377331-38383331,Skin_no_sun,5.392661925955493e-05
ENSR00000179108,chr19:38377331-38383331,Kidney,4.028136466800149e-06
ENSR00000179108,chr19:38377331-38383331,Lung,0.0013190951259917363
ENSR00000179108,chr19:38377331-38383331,Skin_no_sun,0.0003603124448124745
ENSR00000130115,chr19:38377331-38383331,Kidney,9.34702240575493e-05
ENSR00000130115,chr19:38377331-38383331,Skin_no_sun,1.0059617408869869e-05
ENSR00000130114,chr19:38377331-38383331,Kidney,5.942154149850389e-05
ENSR00000130113,chr19:38377331-38383331,Kidney,0.015525936122032001
ENSR00000130113,chr19:38377331-38383331,Skin_no_sun,5.0193189200468645e-05
ENSR00000000321,chr19:38377331-38383331,Lung,1.4523044603886218e-06
ENSR00000000321,chr19:38377331-38383331,Skin_no_sun,1.5067873707624515e-05
ENSR00000294135,chr19:38377331-38383331,Liver,7.566531820068419e-07
ENSR00000294135,chr19:38377331-38383331,Lung,3.2827291356096666e-06
ENSR00000294135,chr19:38377331-38383331,Skin_no_sun,0.716406260206123
ENSR00000294134,chr19:38377331-38383331,Liver,6.431700075143525e-07
ENSR00000294134,chr19:38377331-38383331,Lung,1.542422936808612e-06
ENSR00000294134,chr19:38377331-38383331,Skin_no_sun,0.048642126071611634
ENSR00000279764,chr19:38377331-38383331,Skin_no_sun,2.3692576634458115e-05
ENSR00000270559,chr19:38377331-38383331,Kidney,8.663924350399952e-06
ENSR00000167456,chr19:38377331-38383331,Skin_no_sun,0.0012676595696874409
ENSR00000095750,chr19:38377331-38383331,Skin_no_sun,0.12582962690794042
ENSR00000061052,chr19:38377331-38383331,Liver,1.1335109221046709e-06
ENSR00000058622,chr19:38377331-38383331,Kidney,1.8204603139517128e-05
ENSR00000013811,chr19:38377331-38383331,Skin_no_sun,8.849135493545219e-07
ENSR00000024510,chr19:53558865-53564865,Liver,0.026000866891460916
ENSR00000067159,chr2:12050528-12056528,Lung,0.048257864131172425
ENSR00000067158,chr2:12050528-12056528,Lung,0.016353180352027628
ENSR00000263626,chr2:12054053-12060053,Kidney,0.8241770254704416
ENSR00000242489,chr2:128689752-128695752,Kidney,0.23932464161827804
ENSR00000242489,chr2:128689752-128695752,Liver,0.006941892648121524
ENSR00000122038,chr2:128689752-128695752,Liver,0.006114410065380599
ENSR00000256342,chr2:152402267-152408267,Kidney,0.5268800341447422
ENSR00000311787,chr2:156396718-156402718,Kidney,0.011945997737903537
ENSR00000172546,chr2:156396718-156402718,Kidney,0.011945997737903537
ENSR00000242934,chr2:156396718-156402718,Kidney,0.002206408915275137
ENSR00000242934,chr2:156396718-156402718,Liver,0.00012670024536693038
ENSR00000242933,chr2:156396718-156402718,Kidney,0.002206408915275137
ENSR00000242933,chr2:156396718-156402718,Liver,0.00013183807180616768
ENSR00000242932,chr2:156396718-156402718,Kidney,0.002206408915275137
ENSR00000242932,chr2:156396718-156402718,Liver,0.00013184000322203753
ENSR00000333081,chr2:160300734-160306734,Liver,0.1127953808798729
ENSR00000317450,chr2:164510341-164516341,Kidney,0.06713456609123508
ENSR00000099563,chr2:164510341-164516341,Kidney,0.03761621200240075
ENSR00000099563,chr2:164510341-164516341,Lung,0.21525560786923048
ENSR00000091626,chr2:164510341-164516341,Kidney,0.03761621200240075
ENSR00000091626,chr2:164510341-164516341,Liver,0.024871853746925427
ENSR00000091626,chr2:164510341-164516341,Lung,0.1858579826116311
ENSR00000079377,chr2:164510341-164516341,Lung,0.02837842980993909
ENSR00000241923,chr2:164510341-164516341,Liver,0.024871853746925427
ENSR00000241923,chr2:164510341-164516341,Lung,0.03390514937225694
ENSR00000040628,chr2:164510341-164516341,Lung,0.07507536670595395
ENSR00000040199,chr2:164510341-164516341,Lung,0.03848076707848816
ENSR00000136084,chr2:164510341-164516341,Kidney,0.05059579021434276
ENSR00000136084,chr2:164510341-164516341,Lung,0.8192298031015179
ENSR00000274599,chr2:165933533-165939533,Skin_no_sun,0.011304016121037276
ENSR00000068718,chr2:165933533-165939533,Skin_no_sun,0.014488379431178332
ENSR00000068716,chr2:165933533-165939533,Skin_no_sun,0.0203453664407477
ENSR00000330413,chr2:165933533-165939533,Liver,0.006114358794022977
ENSR00000324539,chr2:165933533-165939533,Skin_no_sun,0.003635528117523651
ENSR00000317237,chr2:165933533-165939533,Liver,0.006114307522898024
ENSR00000317237,chr2:165933533-165939533,Skin_no_sun,0.0033871432153052055
ENSR00000306124,chr2:165933533-165939533,Liver,0.006114358794022977
ENSR00000306124,chr2:165933533-165939533,Skin_no_sun,0.0033871432153052055
ENSR00000298353,chr2:165933533-165939533,Skin_no_sun,0.005506279580775349
ENSR00000283527,chr2:165933533-165939533,Skin_no_sun,0.00363553310279835
ENSR00000278262,chr2:165933533-165939533,Liver,0.011348854302977617
ENSR00000277525,chr2:165933533-165939533,Skin_no_sun,0.006300911067845028
ENSR00000265115,chr2:165933533-165939533,Liver,0.006114358794022977
ENSR00000265115,chr2:165933533-165939533,Skin_no_sun,0.0039003635520714402
ENSR00000261220,chr2:165933533-165939533,Skin_no_sun,0.003387133795671929
ENSR00000240849,chr2:165933533-165939533,Skin_no_sun,0.0033871432153052055
ENSR00000239035,chr2:165933533-165939533,Liver,0.006114358794022977
ENSR00000232555,chr2:165933533-165939533,Skin_no_sun,0.006735771936134223
ENSR00000228093,chr2:165933533-165939533,Skin_no_sun,0.003900358278113514
ENSR00000223722,chr2:165933533-165939533,Skin_no_sun,0.01956312558619894
ENSR00000223720,chr2:165933533-165939533,Skin_no_sun,0.026126530698154495
ENSR00000198095,chr2:165933533-165939533,Skin_no_sun,0.004803393913767263
ENSR00000186836,chr2:165933533-165939533,Liver,0.006114358794022977
ENSR00000186836,chr2:165933533-165939533,Skin_no_sun,0.003387129085861114
ENSR00000173696,chr2:165933533-165939533,Skin_no_sun,0.0039003793739701147
ENSR00000173695,chr2:165933533-165939533,Skin_no_sun,0.0039003793739701147
ENSR00000162543,chr2:165933533-165939533,Skin_no_sun,0.005506404345374801
ENSR00000162542,chr2:165933533-165939533,Skin_no_sun,0.005506390482564601
ENSR00000162541,chr2:165933533-165939533,Skin_no_sun,0.005144039153831851
ENSR00000158163,chr2:165933533-165939533,Liver,0.006114358794022977
ENSR00000158163,chr2:165933533-165939533,Skin_no_sun,0.0033871385054866296
ENSR00000139822,chr2:165933533-165939533,Skin_no_sun,0.0033871432153052055
ENSR00000139821,chr2:165933533-165939533,Liver,0.0061142562520057255
ENSR00000139821,chr2:165933533-165939533,Skin_no_sun,0.0033871432153052055
ENSR00000120554,chr2:165933533-165939533,Skin_no_sun,0.0039003793739701147
ENSR00000112870,chr2:165933533-165939533,Liver,0.006114358794022977
ENSR00000112870,chr2:165933533-165939533,Skin_no_sun,0.003387129085861114
ENSR00000112869,chr2:165933533-165939533,Liver,0.006114358794022977
ENSR00000112869,chr2:165933533-165939533,Skin_no_sun,0.0033871432153052055
ENSR00000108706,chr2:165933533-165939533,Skin_no_sun,0.005144052293666922
ENSR00000107564,chr2:165933533-165939533,Skin_no_sun,0.004483280104777016
ENSR00000103117,chr2:165933533-165939533,Liver,0.0069417794638213185
ENSR00000103117,chr2:165933533-165939533,Skin_no_sun,0.004803400137644222
ENSR00000098984,chr2:165933533-165939533,Skin_no_sun,0.005506404345374801
ENSR00000095058,chr2:165933533-165939533,Liver,0.006114358794022977
ENSR00000095058,chr2:165933533-165939533,Skin_no_sun,0.0033871432153052055
ENSR00000095057,chr2:165933533-165939533,Skin_no_sun,0.003635528117523651
ENSR00000095056,chr2:165933533-165939533,Skin_no_sun,0.003635523132252961
ENSR00000094947,chr2:165933533-165939533,Skin_no_sun,0.004182634922352897
ENSR00000094946,chr2:165933533-165939533,Skin_no_sun,0.0039003793739701147
ENSR00000092998,chr2:165933533-165939533,Skin_no_sun,0.00363553310279835
ENSR00000090258,chr2:165933533-165939533,Skin_no_sun,0.004803381466026987
ENSR00000083713,chr2:165933533-165939533,Skin_no_sun,0.01737180497696546
ENSR00000083059,chr2:165933533-165939533,Skin_no_sun,0.014488393912792436
ENSR00000079873,chr2:165933533-165939533,Liver,0.006114358794022977
ENSR00000079873,chr2:165933533-165939533,Skin_no_sun,0.003387133795671929
ENSR00000079057,chr2:165933533-165939533,Liver,0.011348854302977617
ENSR00000078392,chr2:165933533-165939533,Skin_no_sun,0.004182623769668872
ENSR00000077819,chr2:165933533-165939533,Skin_no_sun,0.003387133795671929
ENSR00000308436,chr2:166506870-166512870,Kidney,0.9487510977951198
ENSR00000318545,chr2:166532724-166538724,Lung,0.31159111670052
ENSR00000032921,chr2:167354951-167360951,Liver,0.00043350632597269616
ENSR00000032921,chr2:167354951-167360951,Lung,0.006266767084253587
ENSR00000032920,chr2:167354951-167360951,Liver,0.00043350632597269616
ENSR00000032920,chr2:167354951-167360951,Lung,0.0006382185113055389
ENSR00000094487,chr2:168020822-168026822,Liver,0.14325628831551976
ENSR00000173657,chr2:168020822-168026822,Liver,0.14325628831551976
ENSR00000173657,chr2:168020822-168026822,Lung,0.11477522823904414
ENSR00000322370,chr2:168020822-168026822,Kidney,0.26669304262224414
ENSR00000322370,chr2:168020822-168026822,Liver,0.12430298909663352
ENSR00000245951,chr2:168020822-168026822,Kidney,0.96456291267669
ENSR00000245951,chr2:168020822-168026822,Lung,0.3384693728862769
ENSR00000238765,chr2:168020822-168026822,Lung,0.5473956002133731
ENSR00000048997,chr2:168020822-168026822,Lung,0.17436796832557366
ENSR00000144633,chr2:168020822-168026822,Lung,0.30295290078113857
ENSR00000144632,chr2:168020822-168026822,Lung,0.32934968094177386
ENSR00000114311,chr2:168020822-168026822,Lung,0.5843990538824064
ENSR00000066643,chr2:168020822-168026822,Kidney,0.96456291267669
ENSR00000291952,chr2:168305616-168311616,Kidney,0.017393665659531415
ENSR00000119950,chr2:168305616-168311616,Kidney,0.027323045778135078
ENSR00000119949,chr2:168305616-168311616,Kidney,0.01078198677785974
ENSR00000077782,chr2:168305616-168311616,Kidney,0.005003667091483221
ENSR00000077781,chr2:168305616-168311616,Kidney,0.008404063425137453
ENSR00000077780,chr2:168305616-168311616,Kidney,0.005003667091483221
ENSR00000077779,chr2:168305616-168311616,Kidney,0.005710703811269108
ENSR00000143099,chr2:168305616-168311616,Kidney,0.006506628628311155
ENSR00000143099,chr2:168305616-168311616,Liver,0.00187996139974231
ENSR00000287166,chr2:168305616-168311616,Kidney,0.017393665659531415
ENSR00000286026,chr2:168305616-168311616,Kidney,0.005003667091483221
ENSR00000220836,chr2:168305616-168311616,Kidney,0.010772403963692811
ENSR00000192700,chr2:168305616-168311616,Liver,0.0032848352461985436
ENSR00000114581,chr2:168305616-168311616,Kidney,0.004376743624181121
ENSR00000114581,chr2:168305616-168311616,Liver,0.0015947963557560118
ENSR00000106420,chr2:168305616-168311616,Kidney,0.017393665659531415
ENSR00000106419,chr2:168305616-168311616,Kidney,0.027304299681869624
ENSR00000106419,chr2:168305616-168311616,Liver,0.0058070877306275566
ENSR00000106418,chr2:168305616-168311616,Kidney,0.017380028826720028
ENSR00000106418,chr2:168305616-168311616,Liver,0.004640973867596655
ENSR00000087542,chr2:168305616-168311616,Kidney,0.005003667091483221
ENSR00000087542,chr2:168305616-168311616,Liver,0.0015947963557560118
ENSR00000087004,chr2:168305616-168311616,Kidney,0.007393780154669394
ENSR00000085043,chr2:168305616-168311616,Kidney,0.005003667091483221
ENSR00000085043,chr2:168305616-168311616,Liver,0.0015947963557560118
ENSR00000075512,chr2:168305616-168311616,Liver,0.0015947963557560118
ENSR00000066122,chr2:168305616-168311616,Liver,0.009954723834119258
ENSR00000024011,chr2:168305616-168311616,Kidney,0.021872477415783118
ENSR00000121928,chr2:168305616-168311616,Kidney,0.003821875573596686
ENSR00000121928,chr2:168305616-168311616,Liver,0.0015947963557560118
ENSR00000097574,chr2:168305616-168311616,Liver,0.007489981099814696
ENSR00000091761,chr2:168305616-168311616,Kidney,0.005003667091483221
ENSR00000091761,chr2:168305616-168311616,Liver,0.0018799419364000126
ENSR00000224095,chr2:170198311-170204311,Kidney,0.7558014578448689
ENSR00000224095,chr2:170198311-170204311,Liver,0.31719238371591096
ENSR00000275909,chr2:175111589-175117589,Liver,0.007230345441488292
ENSR00000151801,chr2:181915082-181921082,Skin_no_sun,0.8250551583806941
ENSR00000103842,chr2:181915082-181921082,Liver,0.32130268748133795
ENSR00000094273,chr2:181915082-181921082,Kidney,0.6416088526049597
ENSR00000296587,chr2:31225791-31231791,Liver,0.2941431006329299
ENSR00000232257,chr2:31225791-31231791,Kidney,0.96456291267669
ENSR00000140447,chr2:31225791-31231791,Lung,0.16308645136278788
ENSR00000140447,chr2:31225791-31231791,Skin_no_sun,0.49405250568687575
ENSR00000140446,chr2:31225791-31231791,Lung,0.14468110043392085
ENSR00000140446,chr2:31225791-31231791,Skin_no_sun,0.32813342656903277
ENSR00000132260,chr2:31225791-31231791,Liver,0.2830583496791197
ENSR00000023620,chr2:31225791-31231791,Skin_no_sun,0.3034736078176752
ENSR00000282579,chr2:31225791-31231791,Skin_no_sun,0.5185843923715454
ENSR00000249806,chr2:31225791-31231791,Skin_no_sun,0.8629916147891965
ENSR00000230003,chr2:31225791-31231791,Skin_no_sun,0.45458610951246925
ENSR00000119081,chr2:31225791-31231791,Skin_no_sun,0.8529545136315457
ENSR00000119080,chr2:31225791-31231791,Skin_no_sun,0.8629915534450369
ENSR00000119079,chr2:31225791-31231791,Skin_no_sun,0.773643724316704
ENSR00000058267,chr2:31225791-31231791,Kidney,0.1975984037492664
ENSR00000058267,chr2:31225791-31231791,Lung,0.1714943775437403
ENSR00000058267,chr2:31225791-31231791,Skin_no_sun,0.10046886017697612
ENSR00000034860,chr2:31225791-31231791,Lung,0.11269292585447044
ENSR00000034860,chr2:31225791-31231791,Skin_no_sun,0.5103377882236486
ENSR00000131868,chr2:31225791-31231791,Kidney,0.5051387114286172
ENSR00000131868,chr2:31225791-31231791,Lung,0.13490315602226044
ENSR00000131868,chr2:31225791-31231791,Skin_no_sun,0.8429412085168306
ENSR00000062059,chr2:31225791-31231791,Kidney,1.0
ENSR00000062059,chr2:31225791-31231791,Lung,0.13020967711435288
ENSR00000062059,chr2:31225791-31231791,Skin_no_sun,0.6316871826106902
ENSR00000277845,chr2:39420542-39426542,Lung,0.06311766290199006
ENSR00000014616,chr2:69407480-69413480,Liver,0.14191292057541458
ENSR00000014616,chr2:69407480-69413480,Skin_no_sun,0.009748380845507243
ENSR00000248379,chr2:79226766-79232766,Lung,0.025268262650721775
ENSR00000248379,chr2:79226766-79232766,Skin_no_sun,0.47939271706657205
ENSR00000244858,chr3:104589757-104595757,Lung,4.379186187465671e-05
ENSR00000244858,chr3:104589757-104595757,Skin_no_sun,0.08538846240585962
ENSR00000114578,chr3:104589757-104595757,Kidney,0.14329032007599157
ENSR00000114578,chr3:104589757-104595757,Liver,0.20199595570292694
ENSR00000114578,chr3:104589757-104595757,Lung,3.3937572694421625e-06
ENSR00000114578,chr3:104589757-104595757,Skin_no_sun,2.885730468737763e-06
ENSR00000114577,chr3:104589757-104595757,Kidney,0.965323152158926
ENSR00000114577,chr3:104589757-104595757,Lung,4.831659388891018e-06
ENSR00000114577,chr3:104589757-104595757,Skin_no_sun,1.6442974081551706e-05
ENSR00000058317,chr3:104589757-104595757,Kidney,0.0016627533578711662
ENSR00000058317,chr3:104589757-104595757,Liver,0.6953475381932148
ENSR00000058317,chr3:104589757-104595757,Lung,9.08719602310178e-06
ENSR00000058317,chr3:104589757-104595757,Skin_no_sun,6.238385144087013e-06
ENSR00000026134,chr3:104589757-104595757,Lung,0.0019587408654260265
ENSR00000026134,chr3:104589757-104595757,Skin_no_sun,0.08702256122790201
ENSR00000026173,chr3:104589757-104595757,Liver,0.8961407547339206
ENSR00000031110,chr3:104589757-104595757,Kidney,0.33153620433977204
ENSR00000031110,chr3:104589757-104595757,Liver,0.4020535053046631
ENSR00000031110,chr3:104589757-104595757,Lung,1.10108372370152e-05
ENSR00000031110,chr3:104589757-104595757,Skin_no_sun,4.942084854640575e-06
ENSR00000031109,chr3:104589757-104595757,Kidney,0.7608605832139353
ENSR00000031109,chr3:104589757-104595757,Liver,0.4212404057560073
ENSR00000031109,chr3:104589757-104595757,Lung,4.3415476378215895e-06
ENSR00000031109,chr3:104589757-104595757,Skin_no_sun,3.3589430415106883e-06
ENSR00000133801,chr3:104589757-104595757,Lung,0.0048721048265649115
ENSR00000220841,chr3:125974150-125980150,Lung,0.24175006289036127
ENSR00000220840,chr3:125974150-125980150,Lung,0.22327388064971765
ENSR00000004307,chr3:140996586-141002586,Lung,0.8410470549336483
ENSR00000076780,chr3:145101939-145107939,Liver,0.0004334896977053629
ENSR00000149801,chr3:28196163-28202163,Liver,0.031229775125777397
ENSR00000149801,chr3:28196163-28202163,Skin_no_sun,0.3504079309042166
ENSR00000325273,chr3:54672063-54678063,Kidney,0.1975984037492664
ENSR00000325273,chr3:54672063-54678063,Liver,0.1127953808798729
ENSR00000325272,chr3:54672063-54678063,Kidney,0.1975984037492664
ENSR00000325272,chr3:54672063-54678063,Liver,0.11279462672480547
ENSR00000325271,chr3:54672063-54678063,Kidney,0.1975984037492664
ENSR00000325271,chr3:54672063-54678063,Liver,0.1127953808798729
ENSR00000152586,chr3:54672063-54678063,Kidney,0.5051387114286172
ENSR00000152586,chr3:54672063-54678063,Liver,0.1127953808798729
ENSR00000095461,chr3:54672063-54678063,Kidney,0.26669304262224414
ENSR00000095461,chr3:54672063-54678063,Liver,0.1127953808798729
ENSR00000095460,chr3:54672063-54678063,Kidney,0.23030747704617605
ENSR00000095460,chr3:54672063-54678063,Liver,0.1127953808798729
ENSR00000095459,chr3:54672063-54678063,Kidney,0.23030747704617605
ENSR00000095459,chr3:54672063-54678063,Liver,0.11279500380243504
ENSR00000044879,chr3:54672063-54678063,Liver,0.11843383199730545
ENSR00000009363,chr3:54672063-54678063,Kidney,0.8939677979511026
ENSR00000009363,chr3:54672063-54678063,Liver,0.11279500380243504
ENSR00000118977,chr4:117783292-117789292,Skin_no_sun,0.015404801210560044
ENSR00000065907,chr4:118200628-118206628,Kidney,0.5978390535470427
ENSR00000065907,chr4:118200628-118206628,Liver,0.14161445655080834
ENSR00000065907,chr4:118200628-118206628,Lung,0.023252353899838756
ENSR00000065907,chr4:118200628-118206628,Skin_no_sun,0.02496028158205395
ENSR00000344005,chr4:118200628-118206628,Kidney,0.18210833185548658
ENSR00000344005,chr4:118200628-118206628,Lung,0.8493797028965995
ENSR00000344005,chr4:118200628-118206628,Skin_no_sun,0.3597960497219945
ENSR00000289442,chr4:118200628-118206628,Skin_no_sun,0.8391353868594276
ENSR00000170420,chr4:118200628-118206628,Kidney,0.4021368813441989
ENSR00000170420,chr4:118200628-118206628,Liver,0.09713529749741594
ENSR00000170420,chr4:118200628-118206628,Lung,0.0372902483281696
ENSR00000170420,chr4:118200628-118206628,Skin_no_sun,0.022720281956956336
ENSR00000167681,chr4:118200628-118206628,Skin_no_sun,0.9245268202694878
ENSR00000167680,chr4:118200628-118206628,Skin_no_sun,0.25000766533713725
ENSR00000109507,chr4:118200628-118206628,Kidney,0.5978390535470427
ENSR00000109507,chr4:118200628-118206628,Liver,0.17173064704186292
ENSR00000109507,chr4:118200628-118206628,Lung,0.04224783246966343
ENSR00000109507,chr4:118200628-118206628,Skin_no_sun,0.017015525449515775
ENSR00000073756,chr4:118200628-118206628,Kidney,0.7328548708733635
ENSR00000073756,chr4:118200628-118206628,Skin_no_sun,0.5425248597276062
ENSR00000059929,chr4:118200628-118206628,Skin_no_sun,0.1377684200051573
ENSR00000048341,chr4:118200628-118206628,Kidney,0.7328548708733635
ENSR00000048341,chr4:118200628-118206628,Lung,0.6223812444373138
ENSR00000048341,chr4:118200628-118206628,Skin_no_sun,0.17739510833204541
ENSR00000024830,chr4:118200628-118206628,Lung,0.9307445841978196
ENSR00000058936,chr4:125147869-125153869,Liver,0.18267710757367972
ENSR00000060638,chr4:125147869-125153869,Kidney,0.03761621200240075
ENSR00000312257,chr4:129964729-129970729,Kidney,0.19753033480848547
ENSR00000173758,chr4:129964729-129970729,Kidney,0.14261078461610688
ENSR00000173757,chr4:129964729-129970729,Kidney,0.19753033480848547
ENSR00000171849,chr4:129964729-129970729,Kidney,0.14261078461610688
ENSR00000171849,chr4:129964729-129970729,Liver,0.11279500380243504
ENSR00000176246,chr4:134793620-134799620,Lung,0.004739955779010386
ENSR00000176245,chr4:134793620-134799620,Lung,0.005667008334818568
ENSR00000142390,chr4:134793620-134799620,Liver,0.1746547474559038
ENSR00000045254,chr4:135283252-135289252,Lung,0.4341137960075315
ENSR00000334936,chr4:135830317-135836317,Lung,0.0336565136996666
ENSR00000234524,chr4:135830317-135836317,Lung,0.03179674103437735
ENSR00000211928,chr4:135830317-135836317,Kidney,1.680635437253037e-05
ENSR00000211928,chr4:135830317-135836317,Liver,5.985208967068193e-07
ENSR00000211928,chr4:135830317-135836317,Lung,4.0914767490388375e-07
ENSR00000211927,chr4:135830317-135836317,Kidney,1.680635437253037e-05
ENSR00000211927,chr4:135830317-135836317,Liver,5.985208967068193e-07
ENSR00000211927,chr4:135830317-135836317,Lung,4.6103522968247807e-07
ENSR00000066163,chr4:138886146-138892146,Skin_no_sun,0.0037873323142383584
ENSR00000002379,chr4:143836445-143842445,Skin_no_sun,0.09785005563154271
ENSR00000002378,chr4:143836445-143842445,Skin_no_sun,0.1004686551239035
ENSR00000047531,chr4:41946114-41952114,Skin_no_sun,0.07709809238305379
ENSR00000203680,chr4:41946114-41952114,Skin_no_sun,0.042475686412155184
ENSR00000069215,chr4:42877316-42883316,Lung,0.5959782617939386
ENSR00000069215,chr4:42877316-42883316,Skin_no_sun,0.0030872528340924895
ENSR00000069214,chr4:42877316-42883316,Lung,0.5851064642434816
ENSR00000069214,chr4:42877316-42883316,Skin_no_sun,0.003491618817909911
ENSR00000304317,chr4:61507773-61513773,Kidney,0.1973941553767351
ENSR00000336873,chr4:74203779-74209779,Liver,0.2941537249810079
ENSR00000238391,chr4:74203779-74209779,Liver,0.5100737346045638
ENSR00000083769,chr4:91234253-91240253,Kidney,0.017388484579667043
ENSR00000083769,chr4:91234253-91240253,Skin_no_sun,0.003387133795671929
ENSR00000056987,chr4:91234253-91240253,Skin_no_sun,0.004182584735409576
ENSR00000024004,chr4:91234253-91240253,Kidney,0.013204432784896584
ENSR00000005523,chr4:91234253-91240253,Skin_no_sun,0.0033871432153052055
ENSR00000253602,chr4:92804402-92810402,Kidney,0.8939517898015625
ENSR00000253602,chr4:92804402-92810402,Lung,0.19549673112676835
ENSR00000253602,chr4:92804402-92810402,Skin_no_sun,0.11150775657732834
ENSR00000328392,chr5:103305903-103311903,Lung,0.2837808357005912
ENSR00000021992,chr5:103305903-103311903,Kidney,1.0
ENSR00000241808,chr5:103305903-103311903,Lung,0.3972471986818318
ENSR00000288648,chr5:142363885-142369885,Liver,3.1130092513844334e-06
ENSR00000110077,chr5:142363885-142369885,Liver,5.570990804010844e-07
ENSR00000078318,chr5:147784140-147790140,Lung,0.43790531912817565
ENSR00000079796,chr5:147784140-147790140,Lung,0.5688608767044163
ENSR00000263627,chr5:19039837-19045837,Kidney,0.26669304262224414
ENSR00000263627,chr5:19039837-19045837,Lung,0.10081797894885121
ENSR00000132290,chr5:30801558-30807558,Liver,0.1570588609774652
ENSR00000203308,chr5:32114374-32120374,Liver,0.12429707298129436
ENSR00000038600,chr5:92996502-93002502,Lung,0.23240691622533327
ENSR00000300399,chr5:92996502-93002502,Liver,0.045207635648864736
ENSR00000031388,chr5:92996502-93002502,Kidney,0.4752319315124116
ENSR00000242410,chr5:99982763-99988763,Kidney,0.14261078461610688
ENSR00000242410,chr5:99982763-99988763,Liver,0.14325628831551976
ENSR00000142951,chr6:121152154-121158154,Lung,0.10662448710345099
ENSR00000142951,chr6:121152154-121158154,Skin_no_sun,0.8031566658412563
ENSR00000263772,chr6:121152154-121158154,Kidney,0.14261078461610688
ENSR00000263772,chr6:121152154-121158154,Lung,0.09708892260025888
ENSR00000263772,chr6:121152154-121158154,Skin_no_sun,0.10587432235916297
ENSR00000262323,chr6:121152154-121158154,Skin_no_sun,0.44691171636458016
ENSR00000219684,chr6:121152154-121158154,Kidney,0.14261078461610688
ENSR00000219684,chr6:121152154-121158154,Liver,0.8072602660031017
ENSR00000045189,chr6:121152154-121158154,Liver,0.2515197857074071
ENSR00000045189,chr6:121152154-121158154,Lung,0.10465969302852836
ENSR00000045189,chr6:121152154-121158154,Skin_no_sun,0.2916173642195704
ENSR00000035610,chr6:121152154-121158154,Skin_no_sun,0.40966255204922475
ENSR00000006683,chr6:121152154-121158154,Skin_no_sun,0.4545854295045517
ENSR00000328875,chr6:142519083-142525083,Kidney,0.16842543569072155
ENSR00000328875,chr6:142519083-142525083,Liver,0.1127953808798729
ENSR00000219466,chr6:142519083-142525083,Kidney,0.16842543569072155
ENSR00000219466,chr6:142519083-142525083,Liver,0.11279500380243504
ENSR00000112783,chr6:91304343-91310343,Lung,0.004086062579736054
ENSR00000112782,chr6:91304343-91310343,Lung,0.004086068573267058
ENSR00000112781,chr6:91304343-91310343,Lung,0.004294324355899664
ENSR00000119072,chr6:99862173-99868173,Kidney,0.03761621200240075
ENSR00000119072,chr6:99862173-99868173,Liver,0.024871705447184044
ENSR00000295578,chr6:99862173-99868173,Kidney,0.03761621200240075
ENSR00000295578,chr6:99862173-99868173,Liver,0.024871705447184044
ENSR00000128820,chr6:99862173-99868173,Kidney,0.03761621200240075
ENSR00000128820,chr6:99862173-99868173,Liver,0.024871705447184044
ENSR00000025615,chr6:99862173-99868173,Kidney,0.03761621200240075
ENSR00000126015,chr7:123066357-123072357,Kidney,0.0013668929764999727
ENSR00000126015,chr7:123066357-123072357,Liver,0.0004335118688287396
ENSR00000126015,chr7:123066357-123072357,Lung,0.0009260194690812632
ENSR00000126015,chr7:123066357-123072357,Skin_no_sun,0.00016255103456986757
ENSR00000068711,chr7:145170442-145176442,Liver,0.006940987201028452
ENSR00000068711,chr7:145170442-145176442,Skin_no_sun,0.024212651434555862
ENSR00000068710,chr7:145170442-145176442,Liver,0.006114410065380599
ENSR00000068710,chr7:145170442-145176442,Skin_no_sun,0.048345553476862216
ENSR00000343644,chr7:16292852-16298852,Kidney,1.0669387072186368e-07
ENSR00000343644,chr7:16292852-16298852,Liver,7.0645341045445355e-12
ENSR00000343644,chr7:16292852-16298852,Lung,8.859081881168234e-09
ENSR00000343643,chr7:16292852-16298852,Lung,0.40878249347995865
ENSR00000298451,chr7:27678992-27684992,Lung,0.40084659480444407
ENSR00000235709,chr7:27678992-27684992,Lung,0.4303404004092729
ENSR00000235709,chr7:27678992-27684992,Skin_no_sun,0.1307324732233517
ENSR00000152664,chr7:38088686-38094686,Lung,4.147828988401e-05
ENSR00000305840,chr8:109747516-109753516,Kidney,0.1730873945266731
ENSR00000305840,chr8:109747516-109753516,Liver,4.620489055666336e-05
ENSR00000157317,chr8:109747516-109753516,Kidney,0.24021890308589733
ENSR00000157317,chr8:109747516-109753516,Liver,4.620489055666336e-05
ENSR00000039653,chr8:109747516-109753516,Lung,0.00022227384440587144
ENSR00000300280,chr8:109747516-109753516,Kidney,0.13685014035830195
ENSR00000239847,chr8:109747516-109753516,Lung,0.009276944933799864
ENSR00000173017,chr8:109747516-109753516,Lung,0.03045884436997119
ENSR00000112776,chr8:109747516-109753516,Liver,3.514599366786945e-05
ENSR00000112776,chr8:109747516-109753516,Lung,0.0032447386247617897
ENSR00000337892,chr8:109747516-109753516,Lung,0.022187256854320582
ENSR00000313047,chr8:109747516-109753516,Kidney,0.19369921534011447
ENSR00000313047,chr8:109747516-109753516,Lung,0.2058905766517446
ENSR00000309517,chr8:109747516-109753516,Kidney,0.9127152031895562
ENSR00000309517,chr8:109747516-109753516,Liver,3.514599366786945e-05
ENSR00000303512,chr8:109747516-109753516,Liver,3.514599366786945e-05
ENSR00000303511,chr8:109747516-109753516,Kidney,0.10676681016064754
ENSR00000303511,chr8:109747516-109753516,Liver,3.5145407376438284e-05
ENSR00000301910,chr8:109747516-109753516,Lung,0.003280757306360493
ENSR00000299344,chr8:109747516-109753516,Kidney,0.2662228486272441
ENSR00000299344,chr8:109747516-109753516,Lung,0.03580673926432121
ENSR00000277902,chr8:109747516-109753516,Lung,0.0013422404273883471
ENSR00000258045,chr8:109747516-109753516,Lung,0.22357504287957686
ENSR00000258044,chr8:109747516-109753516,Kidney,0.25297254647761525
ENSR00000258044,chr8:109747516-109753516,Lung,2.9444862616327863e-05
ENSR00000253894,chr8:109747516-109753516,Liver,0.001472560599048923
ENSR00000248382,chr8:109747516-109753516,Lung,0.0008904541503091909
ENSR00000241809,chr8:109747516-109753516,Lung,0.01749979581587622
ENSR00000238147,chr8:109747516-109753516,Kidney,0.6722491389918993
ENSR00000235798,chr8:109747516-109753516,Lung,0.007739828125716829
ENSR00000216147,chr8:109747516-109753516,Kidney,0.0669326325893794
ENSR00000216147,chr8:109747516-109753516,Liver,3.5145407376438284e-05
ENSR00000216147,chr8:109747516-109753516,Lung,1.9545176381073697e-05
ENSR00000212912,chr8:109747516-109753516,Liver,3.5145407376438284e-05
ENSR00000205226,chr8:109747516-109753516,Lung,0.015794039328388583
ENSR00000205225,chr8:109747516-109753516,Lung,0.038607452591008874
ENSR00000175968,chr8:109747516-109753516,Kidney,0.2799264252048007
ENSR00000175968,chr8:109747516-109753516,Lung,0.16203046378902441
ENSR00000175966,chr8:109747516-109753516,Lung,0.664154550924307
ENSR00000167350,chr8:109747516-109753516,Kidney,0.13685014035830195
ENSR00000167350,chr8:109747516-109753516,Liver,3.514599366786945e-05
ENSR00000167349,chr8:109747516-109753516,Kidney,0.9127152031895562
ENSR00000167349,chr8:109747516-109753516,Liver,3.514599366786945e-05
ENSR00000152018,chr8:109747516-109753516,Kidney,0.007412453750282264
ENSR00000152018,chr8:109747516-109753516,Liver,3.514599366786945e-05
ENSR00000152018,chr8:109747516-109753516,Lung,0.00018144843360777134
ENSR00000139483,chr8:109747516-109753516,Lung,0.011978240635036604
ENSR00000139482,chr8:109747516-109753516,Lung,0.0029038600935454785
ENSR00000112112,chr8:109747516-109753516,Liver,0.00010646785047029484
ENSR00000101777,chr8:109747516-109753516,Kidney,0.008920499113689442
ENSR00000099471,chr8:109747516-109753516,Liver,4.620489055666336e-05
ENSR00000099470,chr8:109747516-109753516,Liver,4.620489055666336e-05
ENSR00000092353,chr8:109747516-109753516,Kidney,0.37208520648819
ENSR00000092353,chr8:109747516-109753516,Lung,1.5998721515771186e-05
ENSR00000091935,chr8:109747516-109753516,Liver,3.514599366786945e-05
ENSR00000083150,chr8:109747516-109753516,Lung,0.007739914406830675
ENSR00000058716,chr8:109747516-109753516,Kidney,0.09382947762381637
ENSR00000058716,chr8:109747516-109753516,Lung,0.018496530489601957
ENSR00000046927,chr8:109747516-109753516,Lung,0.0003182806375980576
ENSR00000035672,chr8:109747516-109753516,Kidney,0.9375864528643503
ENSR00000035672,chr8:109747516-109753516,Liver,3.514599366786945e-05
ENSR00000035672,chr8:109747516-109753516,Lung,0.00010882190045180857
ENSR00000023199,chr8:109747516-109753516,Kidney,0.8879230470695998
ENSR00000023199,chr8:109747516-109753516,Lung,0.00013412981798850774
ENSR00000012249,chr8:109747516-109753516,Liver,0.0005969673417780283
ENSR00000000139,chr8:109747516-109753516,Kidney,0.0020364666675355306
ENSR00000000138,chr8:109747516-109753516,Kidney,0.0623997519084548
ENSR00000085009,chr8:126818097-126824097,Liver,0.024871853746925427
ENSR00000085009,chr8:126818097-126824097,Lung,0.026571058414115473
ENSR00000248558,chr8:126818097-126824097,Kidney,0.4753562553889782
ENSR00000335238,chr8:78410370-78416370,Kidney,0.2664751083729847
ENSR00000335238,chr8:78410370-78416370,Lung,0.8624891111688039
ENSR00000335237,chr8:78410370-78416370,Kidney,0.23023669422346815
ENSR00000335237,chr8:78410370-78416370,Lung,0.9563800165353227
ENSR00000286881,chr8:94367568-94373568,Kidney,0.0505633142642242
ENSR00000187906,chr8:94367568-94373568,Lung,0.13444825385588632
ENSR00000280868,chr9:115372907-115378907,Kidney,0.08784209452791593
ENSR00000043755,chr9:115372907-115378907,Lung,0.6406946233601851
ENSR00000043754,chr9:115372907-115378907,Lung,0.70647001783226
ENSR00000291257,chr9:115372907-115378907,Lung,0.36233539264191283
ENSR00000106355,chr9:117714860-117720860,Kidney,0.16842543569072155
ENSR00000246751,chr9:117714860-117720860,Liver,0.12429707298129436
ENSR00000030735,chr9:117714860-117720860,Kidney,0.14261078461610688
ENSR00000281060,chr9:45956731-45962731,Liver,0.054387755374735704
ENSR00000086511,chr9:45956731-45962731,Liver,0.05080710362322047
ENSR00000152400,chr9:45956731-45962731,Kidney,0.025082376030499395
ENSR00000152400,chr9:45956731-45962731,Lung,0.025705185451427377
ENSR00000152400,chr9:45956731-45962731,Skin_no_sun,0.01660250091464566
ENSR00000013332,chr9:5171415-5177415,Kidney,0.1683608003471957
ENSR00000013332,chr9:5171415-5177415,Liver,0.11279500380243504
ENSR00000013288,chr9:5171415-5177415,Kidney,0.1683608003471957
ENSR00000013288,chr9:5171415-5177415,Liver,0.1127953808798729
ENSR00000339762,chr9:62406423-62412423,Liver,0.2783655549019619
ENSR00000244567,chr9:62406423-62412423,Liver,0.14836491760055545
ENSR00000038482,chr9:62663086-62669086,Skin_no_sun,0.19447643663163916
ENSR00000339937,chr9:78252922-78258922,Lung,0.022104008582310316
ENSR00000339937,chr9:78252922-78258922,Skin_no_sun,0.16608002748308404
ENSR00000303903,chr9:88318898-88324898,Kidney,0.5634956465597143
ENSR00000329852,chr9:98970208-98976208,Kidney,0.03761621200240075
ENSR00000329852,chr9:98970208-98976208,Liver,0.024871853746925427
ENSR00000189128,chrX:104678619-104684619,Kidney,0.22621313421866607
ENSR00000189128,chrX:104678619-104684619,Lung,0.10965407180427088
ENSR00000314658,chrX:12927622-12933622,Kidney,0.18210833185548658
ENSR00000250728,chrX:130645587-130651587,Kidney,0.8242032876559791
ENSR00000250728,chrX:130645587-130651587,Lung,0.1302096981214735
ENSR00000227943,chrX:130645587-130651587,Kidney,0.6249751365086643
ENSR00000227943,chrX:130645587-130651587,Liver,0.23191760848605358
ENSR00000220050,chrX:130645587-130651587,Liver,0.15004411069580922
ENSR00000220049,chrX:130645587-130651587,Liver,0.20458294526408294
ENSR00000078300,chrX:130645587-130651587,Liver,0.14325628831551976
ENSR00000082554,chrX:130645587-130651587,Kidney,0.11771298006790289
ENSR00000279318,chrX:158736195-158742195,Kidney,0.35074851686120423
ENSR00000094580,chrX:21021186-21027186,Liver,0.9610806669809324
ENSR00000182860,chrX:38500900-38506900,Kidney,0.45007917090787275
ENSR00000182860,chrX:38500900-38506900,Liver,0.2415912484176599
ENSR00000182860,chrX:38500900-38506900,Lung,0.11688762383612666
ENSR00000182860,chrX:38500900-38506900,Skin_no_sun,0.09277615186695015
ENSR00000022564,chrX:42000704-42006704,Liver,0.038313945203021414
ENSR00000056367,chrX:42405642-42411642,Liver,0.1570588609774652
ENSR00000230284,chrX:42405642-42411642,Kidney,0.1975984037492664
ENSR00000230284,chrX:42405642-42411642,Liver,0.1127953808798729
ENSR00000230284,chrX:42405642-42411642,Lung,0.1397263256740816
ENSR00000260910,chrX:50547372-50553372,Liver,0.05121011249255416
ENSR00000160832,chrX:57968932-57974932,Kidney,0.26669304262224414
ENSR00000160832,chrX:57968932-57974932,Liver,0.17188024939236735
ENSR00000023186,chrX:8707614-8713614,Kidney,0.10366945034992636
ENSR00000023186,chrX:8707614-8713614,Lung,0.004512152979166472
